<core:View xmlns:core="sap.ui.core" xmlns:mvc="sap.ui.core.mvc"
	xmlns="sap.m" controllerName="flight.displayTable" xmlns:html="http://www.w3.org/1999/xhtml">
	<Page title="List of Leave Approvals Pending" id="pageId">
		<content>

			<Table id="myTable" mode="MultiSelect"
				items="{/FlightCollection}" inset="false">
				<columns>
					<Column width="12em">
						<Text text="Carrier" />
					</Column>
					<Column minScreenWidth="Tablet" demandPopin="true">
						<Text text="Flight Time" />
					</Column>
					<Column minScreenWidth="Tablet" demandPopin="true" hAlign="Right">
						<Text text="city From" />
					</Column>
					<Column minScreenWidth="Tablet" demandPopin="true" hAlign="Center">
						<Text text="city To" />
					</Column>
					<Column hAlign="Right">
						<Text text="departure Time" />
					</Column>
				</columns>
				<items>
					<ColumnListItem>
						<cells>
							<ObjectIdentifier title="{carrid}" text="{connid}"/>
							<Text text="{flightDetails/flightTime}"/>
							<Text text="{flightDetails/cityFrom}" />
							<Text text="{flightDetails/cityTo}"/>
							<Text text="{flightDetails/departureTime}"/>
						</cells>
					</ColumnListItem>
				</items>
			</Table>
		<HBox>
		    <Button text="Approve" press="Approve"/>
		    <Button text="Decline" press="Decline"/>
		</HBox>
		</content>
		
	</Page>
</core:View>